{
  "Total Government Expense": {
    "top_10": {
      "Mexico": 2662329.99039267,
      "Ukraine": 821090.9765478572,
      "Poland": 467574.137421536,
      "Nepal": 339718.58188069775,
      "Samoa": 311368.3209661394,
      "Israel": 270508.61103003356,
      "Afghanistan": 249115.49007371604,
      "Albania": 194156.4055551822,
      "United Arab Emirates": 186376.12534557105,
      "Romania": 178201.01059012127
    },
    "bottom_10": {
      "United Kingdom": 487.74303094643847,
      "Italy": 479.61194585101407,
      "Egypt, Arab Rep.": 384.5151847456933,
      "Australia": 371.3626309079136,
      "San Marino": 343.1002525376741,
      "Korea, Rep.": 314.86263248381084,
      "Hong Kong SAR, China": 303.37424433123834,
      "Spain": 286.3083837840113,
      "Somalia": 210.22760811079377,
      "Nauru": 115.80604944331792
    },
    "global_avg": 78850.2295372213,
    "total_countries": 99
  },
  "Compensation of Employees": {
    "top_10": {
      "Mexico": 586544.0071850081,
      "Ukraine": 227741.47050772008,
      "Samoa": 140484.63956023406,
      "Nepal": 130256.16031591808,
      "Poland": 116485.3976333885,
      "Afghanistan": 81395.2602898375,
      "Israel": 68486.43022101255,
      "Albania": 55694.40554801291,
      "Romania": 51988.38438710732,
      "United Arab Emirates": 46095.25904255033
    },
    "bottom_10": {
      "Timor-Leste": 113.02810707435384,
      "Egypt, Arab Rep.": 104.57740879332215,
      "United Kingdom": 102.35354781361612,
      "Australia": 99.02933116416666,
      "San Marino": 89.89619356446417,
      "Italy": 88.31106228319346,
      "Spain": 69.73279795794765,
      "Korea, Rep.": 61.30526721180883,
      "Hong Kong SAR, China": 59.271439365558805,
      "Nauru": 36.80104015728481
    },
    "global_avg": 21298.374023845023,
    "total_countries": 99
  },
  "Use of Goods and Services": {
    "top_10": {
      "Mexico": 271257.2625129094,
      "Ukraine": 179041.11630246008,
      "Afghanistan": 145062.79404407743,
      "Samoa": 130235.67345819142,
      "Poland": 65855.27839959424,
      "Nepal": 50849.10405004795,
      "United Arab Emirates": 49147.9974965345,
      "Israel": 45465.526811083764,
      "Kiribati": 38639.929483794716,
      "Romania": 27745.08299096361
    },
    "bottom_10": {
      "United Kingdom": 92.97772829251115,
      "San Marino": 79.45841487873665,
      "Australia": 69.01691921509186,
      "Somalia": 64.69626348440835,
      "Korea, Rep.": 63.62323817243118,
      "France": 59.28845238279733,
      "Nauru": 53.938287342329694,
      "Italy": 50.652449876911476,
      "Spain": 34.14111960686462,
      "Egypt, Arab Rep.": 16.43609844920005
    },
    "global_avg": 13650.656800772078,
    "total_countries": 99
  },
  "Interest Expense": {
    "top_10": {
      "Mexico": 346470.7241748197,
      "Ukraine": 60928.121850791715,
      "Albania": 17717.260016934808,
      "Israel": 17106.99960948034,
      "Poland": 16474.031754907206,
      "Nepal": 13648.291542535166,
      "Samoa": 7907.622143699297,
      "Romania": 6954.976242781683,
      "Honduras": 5849.2749349302885,
      "Belgium": 5393.596506194986
    },
    "bottom_10": {
      "Korea, Rep.": 11.549793454145362,
      "Sweden": 11.408366533195222,
      "Kosovo": 11.114627396787744,
      "Denmark": 10.38900052247486,
      "San Marino": 5.981470044751201,
      "Somalia": 1.841792640142777,
      "Hong Kong SAR, China": 1.333410849002565,
      "Timor-Leste": 0.5083726279446652,
      "Nauru": 0.0,
      "Macao SAR, China": 0.0
    },
    "global_avg": 5704.743120540354,
    "total_countries": 100
  },
  "Social Benefits": {
    "top_10": {
      "Mexico": 593936.6314383603,
      "Ukraine": 282739.60509529326,
      "Poland": 195291.7394066933,
      "Israel": 87271.28211393408,
      "Netherlands": 84161.06444397876,
      "Albania": 83059.24195151827,
      "Nepal": 73296.59799521469,
      "Romania": 61769.69118202064,
      "Belgium": 59270.367569383314,
      "Japan": 59116.1170979067
    },
    "bottom_10": {
      "Senegal": 81.95164836084005,
      "Korea, Rep.": 77.40941955491567,
      "Rwanda": 76.11905918152631,
      "Congo, Rep.": 72.99970467203212,
      "Indonesia": 68.96069285090496,
      "Egypt, Arab Rep.": 64.84087679528622,
      "Kenya": 51.42387208493233,
      "Hong Kong SAR, China": 45.794460543834305,
      "Somalia": 9.386944405012391,
      "Nauru": 8.351506412857548
    },
    "global_avg": 21523.131653308654,
    "total_countries": 99
  },
  "Grants Expense": {
    "top_10": {
      "Mexico": 75770.65493065797,
      "Nepal": 21730.501318319588,
      "Namibia": 6420.866443738834,
      "Netherlands": 4614.079409602324,
      "United Arab Emirates": 4570.786374317442,
      "Belgium": 2830.0981249208603,
      "Austria": 2123.0839319905676,
      "Switzerland": 1987.6378564440731,
      "Uganda": 984.5930004135591,
      "Albania": 973.4400282066092
    },
    "bottom_10": {
      "Somalia": 0.26300460606582454,
      "Egypt, Arab Rep.": 0.0756747534678178,
      "Hong Kong SAR, China": 0.05931029435861004,
      "Nauru": 0.03970724000074629,
      "Kiribati": 0.0003007501919001375,
      "Uzbekistan": 4.950437744366079e-12,
      "Philippines": 0.0,
      "Peru": 0.0,
      "San Marino": -6.648412351408738e-08,
      "Kazakhstan": -21.881605584875135
    },
    "global_avg": 1512.3191643875814,
    "total_countries": 87
  },
  "Other Expense": {
    "top_10": {
      "Mexico": 711953.3939861199,
      "United Arab Emirates": 41149.971424086834,
      "Ukraine": 31896.02414629176,
      "Israel": 19408.218927062368,
      "Samoa": 16193.758817017757,
      "Uzbekistan": 13848.39380645799,
      "Albania": 11951.41790712389,
      "Marshall Islands": 11218.147761483204,
      "Switzerland": 10888.02989647792,
      "Singapore": 10813.792008184557
    },
    "bottom_10": {
      "Australia": 27.192491852739,
      "Egypt, Arab Rep.": 26.803643766111545,
      "Kosovo": 26.054273104878245,
      "Korea, Rep.": 25.575198979349985,
      "Canada": 25.12768365398827,
      "Mongolia": 20.665265525402116,
      "San Marino": 14.361606237937153,
      "Spain": 10.87899906314051,
      "Somalia": 9.567875661378826,
      "Nauru": 8.22947056438022
    },
    "global_avg": 11441.25460834767,
    "total_countries": 87
  }
}